Rank,Artist,Album,Date,Rating,Ratings Count,Genres,Image URL,Spotify,YouTube,Apple Music,Local Image
1,Kendrick Lamar,To Pimp a Butterfly,15 March 2015,4.38,100k,"Conscious Hip Hop, Jazz Rap, Political Hip Hop, Neo-Soul, Funk, Poetry",https://e.snmc.io/i/300/s/24619d37493bde1cc35d160e31d170ae/8121875/Kendrick%20Lamar%20-%20To%20Pimp%20a%20Butterfly%2C%20Cover%20art.jpeg,https://open.spotify.com/album/7ycBtnsMtyVbbwTfJwRjSP,,https://music.apple.com/ru/album/to-pimp-a-butterfly/974112072,covers/1_Kendrick_Lamar_To_Pimp_a_Butterfly.jpg
2,Radiohead,OK Computer,16 June 1997,4.30,125k,"Alternative Rock, Art Rock, Post-Britpop, Space Rock Revival",https://e.snmc.io/i/300/s/4b89c6190a18ed4c06d8068c556a5f9e/11993756/Radiohead%20-%20OK%20Computer%2C%20Cover%20art.jpeg,https://open.spotify.com/album/7dxKtc08dYeRVHt3p9CZJn,https://www.youtube.com/watch?v=f0fsHmBlYIs,https://music.apple.com/us/album/ok-computer/1097861387,covers/2_Radiohead_OK_Computer.jpg
3,Radiohead,In Rainbows,10 October 2007,4.33,97k,"Art Rock, Alternative Rock, Electronic, Dream Pop, Art Pop",https://e.snmc.io/i/300/s/9b1e5b9f0d61d7177b42c31fb881fdc7/5914164/Radiohead%20-%20In%20Rainbows%2C%20Cover%20art.jpeg,https://open.spotify.com/album/7eyQXxuf2nGj9d2367Gi5f,,https://music.apple.com/us/album/in-rainbows/1109714933,covers/3_Radiohead_In_Rainbows.jpg
4,Pink Floyd,Wish You Were Here,12 September 1975,4.36,86k,"Progressive Rock, Art Rock, Space Rock, Psychedelic Rock",https://e.snmc.io/i/300/s/be389a69a7e6c54e4643f81fa57f3478/4184635/Pink%20Floyd%20-%20Wish%20You%20Were%20Here%2C%20Cover%20art.png,https://open.spotify.com/album/0bCAjiUamIFqKJsekOYuRw,,https://music.apple.com/gb/album/wish-you-were-here/704223460,covers/4_Pink_Floyd_Wish_You_Were_Here.jpg
5,Kendrick Lamar,"good kid, m.A.A.d city",22 October 2012,4.33,83k,"Conscious Hip Hop, Hardcore Hip Hop, Pop Rap, Trap",https://e.snmc.io/i/300/s/f80a2acff1fa2584d44a0cb8c2524b5e/11410589/Kendrick%20Lamar%20-%20good%20kid%2C%20m_A_A_d%20city%2C%20Cover%20art.jpeg,https://open.spotify.com/album/0Oq3mWfexhsjUh0aNNBB5u,,https://music.apple.com/no/album/good-kid-m-a-a-d-city-deluxe-version/1440824324,covers/5_Kendrick_Lamar_good_kid_mAAd_city.jpg
6,King Crimson,In the Court of the Crimson King,10 October 1969,4.33,80k,"Progressive Rock, Art Rock, Symphonic Prog, Jazz-Rock, Free Improvisation, Psychedelic Rock",https://e.snmc.io/i/300/s/fa82afbf23e5f3f3328022a357187c31/11859497/King%20Crimson%20-%20In%20the%20Court%20of%20the%20Crimson%20King%2C%20Cover%20art.jpeg,https://open.spotify.com/album/5wec5BciMpDMzlEFpYeHse,https://www.youtube.com/watch?v=0ju5LRTMFLw,https://music.apple.com/pl/album/in-the-court-of-the-crimson-king-expanded-edition/918534711,covers/6_King_Crimson_In_the_Court_of_the_Crimson_King.jpg
7,Madvillain,Madvillainy,23 March 2004,4.33,74k,"Abstract Hip Hop, Jazz Rap, Experimental Hip Hop, Instrumental Hip Hop",https://e.snmc.io/i/300/s/f9e9fc5eccd1c2977e98b0092bd7c533/13200445/Madvillain%20-%20Madvillainy%2C%20Cover%20art.jpeg,https://open.spotify.com/album/01FCoGEQ3NFWF4fHJzdiax,,https://music.apple.com/us/album/madvillainy/887699504,covers/7_Madvillain_Madvillainy.jpg
8,Radiohead,Kid A,3 October 2000,4.26,102k,"Art Rock, Electronic, Ambient, IDM, Post-Rock, Art Pop",https://e.snmc.io/i/300/s/8ca6228ff17ca781fea91716d0747dff/12580450/Radiohead%20-%20Kid%20A%2C%20Cover%20art.jpeg,https://open.spotify.com/album/19RUXBFyM4PpmrLRdtqWbp,,https://music.apple.com/us/album/kid-a/1097862870,covers/8_Radiohead_Kid_A.jpg
9,Pink Floyd,The Dark Side of the Moon,23 March 1973,4.26,98k,"Art Rock, Progressive Rock, Psychedelic Rock, Space Rock",https://e.snmc.io/i/300/s/c19f45d920dc2fff9da59e6886a3d8a5/12206378/Pink%20Floyd%20-%20The%20Dark%20Side%20of%20the%20Moon%2C%20Cover%20art.jpeg,https://open.spotify.com/album/4LH4d3cOWNNsVw41Gqt2kv,https://www.youtube.com/watch?v=k9ynZnEBtvw,https://music.apple.com/us/album/the-dark-side-of-the-moon/1065973699,covers/9_Pink_Floyd_The_Dark_Side_of_the_Moon.jpg
10,My Bloody Valentine,Loveless,11 November 1991,4.25,89k,"Shoegaze, Noise Pop, Dream Pop, Neo-Psychedelia",https://e.snmc.io/i/300/s/bbd93c84018869d0343d64d49945b6c9/11569981/My%20Bloody%20Valentine%20-%20Loveless%2C%20Cover%20art.jpeg,https://open.spotify.com/album/3USQKOw0se5pBNEndu82Rb,,https://music.apple.com/us/album/loveless/288277647,covers/10_My_Bloody_Valentine_Loveless.jpg
11,The Beatles,Abbey Road,26 September 1969,4.29,79k,"Pop Rock, Psychedelic Pop, Progressive Pop, Blues Rock, Art Pop, Art Rock",https://e.snmc.io/i/300/s/0497f32eaa2036ff15974f9182a098e6/12188855/The%20Beatles%20-%20Abbey%20Road%2C%20Cover%20art.jpeg,https://open.spotify.com/album/0ETFjACtuP2ADo6LFhL6HN,https://www.youtube.com/watch?v=SQgDYT836Kk,https://music.apple.com/us/album/abbey-road/401186200,covers/11_The_Beatles_Abbey_Road.jpg
12,Talking Heads,Remain in Light,8 October 1980,4.26,65k,"New Wave, Post-Punk, Funk Rock, Funk, Afrobeat, Experimental Rock, Dance-Punk, Mutant Disco",https://e.snmc.io/i/300/s/6ece69e2215dc8cf89c88d0098d76424/5627825/Talking%20Heads%20-%20Remain%20in%20Light%2C%20Cover%20art.jpeg,https://open.spotify.com/album/1JvXxLsm0PxlGH4LXzqMGq,https://www.youtube.com/watch?v=8f3zmJ9vFOU,https://music.apple.com/no/album/remain-in-light-deluxe-version/124922154,covers/12_Talking_Heads_Remain_in_Light.jpg
13,David Bowie,The Rise and Fall of Ziggy Stardust and The Spiders From Mars,16 June 1972,4.26,68k,"Glam Rock, Pop Rock, Art Rock, Rock Opera",https://e.snmc.io/i/300/s/2676943ee600668efbc5040c59306138/8542182/David%20Bowie%20-%20The%20Rise%20and%20Fall%20of%20Ziggy%20Stardust%20and%20The%20Spiders%20From%20Mars%2C%20Cover%20art.png,https://open.spotify.com/album/48D1hRORqJq52qsnUYZX56,https://www.youtube.com/watch?v=XwxEGtorzFY,https://music.apple.com/us/album/rise-fall-ziggy-stardust-spiders-from-mars-2012-remastered/1039796877,covers/13_David_Bowie_The_Rise_and_Fall_of_Ziggy_Stardust_and_The_Spiders_From_Mars.jpg
14,Nas,Illmatic,19 April 1994,4.27,60k,"Boom Bap, Hardcore Hip Hop, Conscious Hip Hop, Jazz Rap",https://e.snmc.io/i/300/s/a5b99c941cc806d35e77fc1522ccbfe6/12424339/Nas%20-%20Illmatic%2C%20Cover%20art.jpeg,https://open.spotify.com/album/3kEtdS2pH6hKcMU9Wioob1,,https://music.apple.com/us/album/illmatic/662324135,covers/14_Nas_Illmatic.jpg
15,Godspeed You Black Emperor!,Lift Yr. Skinny Fists Like Antennas to Heaven!,23 October 2000,4.26,60k,"Post-Rock, Field Recordings, Drone, Chamber Music, Ambient",https://e.snmc.io/i/300/s/0915915f149a049095c17c3c8282b540/5662600/Godspeed%20You%20Black%20Emperor!%20-%20Lift%20Yr_%20Skinny%20Fists%20Like%20Antennas%20to%20Heaven!%2C%20Cover%20art.jpeg,,,https://music.apple.com/us/album/lift-your-skinny-fists-like-antennas-to-heaven/40886657,covers/15_Godspeed_You_Black_Emperor_Lift_Yr_Skinny_Fists_Like_Antennas_to_Heaven.jpg
16,The Beatles,Revolver,5 August 1966,4.23,73k,"Pop Rock, Psychedelic Pop, Psychedelic Rock, Psychedelic Pop",https://e.snmc.io/i/300/s/dc60c9698ba32e30f9fcb62503bd9a58/12121976/The%20Beatles%20-%20Revolver%2C%20Cover%20art.jpeg,https://open.spotify.com/album/3PRoXYsngSwjEQWR5PsHWR,,https://music.apple.com/us/album/revolver/401136641,covers/16_The_Beatles_Revolver.jpg
17,Mingus,The Black Saint and the Sinner Lady,July 1963,4.33,37k,"Avant-Garde Jazz, Third Stream, Experimental Big Band, Flamenco Jazz, Ballet",https://e.snmc.io/i/300/s/7f023e849a7b66cb8566b879cd8416d9/8024579/Mingus%20-%20The%20Black%20Saint%20and%20the%20Sinner%20Lady%2C%20Cover%20art.png,https://open.spotify.com/album/6Sts4Yh7KsDFwq2yTWrGGV,https://www.youtube.com/watch?v=0VlOigfm-ww,https://music.apple.com/us/album/the-black-saint-and-the-sinner-lady/485508188,covers/17_Mingus_The_Black_Saint_and_the_Sinner_Lady.jpg
18,Black Sabbath,Paranoid,18 September 1970,4.23,63k,"Heavy Metal, Hard Rock, Traditional Doom Metal, Blues Rock, Heavy Psych, Occult Rock",https://e.snmc.io/i/300/s/1422ee6c94fa55b10aa4f18b204f9388/12295447/Black%20Sabbath%20-%20Paranoid%2C%20Cover%20art.jpeg,https://open.spotify.com/album/6r7LZXAVueS5DqdrvXJJK7,https://www.youtube.com/watch?v=fWvKvOViM3g,https://music.apple.com/us/album/paranoid/785232473,covers/18_Black_Sabbath_Paranoid.jpg
19,Björk,Vespertine,27 August 2001,4.27,51k,"Art Pop, Electronic, Glitch Pop, Ambient Pop, Glitch Pop, Micromontage, Folktronica, IDM",https://e.snmc.io/i/300/s/c8b33d1c4b089e376767dc89a7eaf9c6/9935583/Bj%C3%B6rk%20-%20Vespertine%2C%20Cover%20art.jpeg,https://open.spotify.com/album/5vBpIxm8ws6pWyVmTWiGE1,,https://music.apple.com/us/album/vespertine/20920260,covers/19_Björk_Vespertine.jpg
20,The Velvet Underground&,The Velvet Underground & Nico,12 March 1967,4.20,73k,"Art Rock, Experimental Rock, Proto-Punk, Noise Rock, Garage Rock, Psychedelic Rock, Garage Psych",https://e.snmc.io/i/300/s/bc060edfb34bcea7987cda9f000b874d/6988068/The%20Velvet%20Underground%20%26%20Nico%20-%20The%20Velvet%20Underground%20%26%20Nico%2C%20Cover%20art.png,https://open.spotify.com/album/4xwx0x7k6c5VuThz5qVqmV,,https://music.apple.com/us/album/the-velvet-underground-nico-45th-anniversary-edition/572161222,covers/20_The_Velvet_Underground_The_Velvet_Underground__Nico.jpg
21,The Cure,Disintegration,2 May 1989,4.25,55k,"Gothic Rock, Post-Punk, Dream Pop, Ethereal Wave",https://e.snmc.io/i/300/s/29b2c9432826d267954d279a5db08a0a/7272164/The%20Cure%20-%20Disintegration%2C%20Cover%20art.jpeg,https://open.spotify.com/album/0A13JySVHzBoRZFk2o89Wl,https://www.youtube.com/watch?v=EVOSPb9B1SU,https://music.apple.com/us/album/disintegration-remastered/372100016,covers/21_The_Cure_Disintegration.jpg
22,John Coltrane,A Love Supreme,January 1965,4.30,43k,"Spiritual Jazz, Avant-Garde Jazz, Modal Jazz, Post-Bop",https://e.snmc.io/i/300/s/7436c65475fc840a261dfd1eda7b6e4c/12119724/John%20Coltrane%20-%20A%20Love%20Supreme%2C%20Cover%20art.jpeg,https://open.spotify.com/album/7vJV707TYjyciSHp3lib2w,https://www.youtube.com/watch?v=ll3CMgiUPuU,https://music.apple.com/us/album/a-love-supreme/485525345,covers/22_John_Coltrane_A_Love_Supreme.jpg
23,Pink Floyd,Animals,21 January 1977,4.20,62k,"Progressive Rock, Art Rock, Psychedelic Rock, Hard Rock",https://e.snmc.io/i/300/s/9ee57167b8713be1287174840c6ffe62/4175208/Pink%20Floyd%20-%20Animals%2C%20Cover%20art.png,https://open.spotify.com/album/3b4E89rxzZQ9zkhgKpj8N4,,https://music.apple.com/gb/album/animals/699610635,covers/23_Pink_Floyd_Animals.jpg
24,King Crimson,Red,6 October 1974,4.26,43k,"Progressive Rock, Art Rock, Jazz-Rock, Hard Rock, Free Improvisation, Heavy Metal",https://e.snmc.io/i/300/s/543f4f2f5aadce5f92b20c8ff0139043/10733413/King%20Crimson%20-%20Red%2C%20Cover%20art.png,https://open.spotify.com/album/13dGZzRzFoejmyVXAbTPAH,https://www.youtube.com/watch?v=7Hcxp1U2pIE,https://music.apple.com/us/album/red-expanded-edition/918614446,covers/24_King_Crimson_Red.jpg
25,Miles Davis,Kind of Blue,17 August 1959,4.24,50k,"Modal Jazz, Cool Jazz",https://e.snmc.io/i/300/s/c19dfa22a12fe9b3299ee80d2dbe0d15/13182128/Miles%20Davis%20-%20Kind%20of%20Blue%2C%20Cover%20art.jpeg,https://open.spotify.com/album/1weenld61qoidwYuZ1GESA,,https://music.apple.com/us/album/kind-of-blue/268443092,covers/25_Miles_Davis_Kind_of_Blue.jpg
26,The Beach Boys,Pet Sounds,16 May 1966,4.19,59k,"Baroque Pop, Sunshine Pop, Psychedelic Pop, Progressive Pop, Brill Building, Art Pop",https://e.snmc.io/i/300/s/c48378ca12e96e7cf9199a230825df78/3633017/The%20Beach%20Boys%20-%20Pet%20Sounds%2C%20Cover%20art.jpeg,https://open.spotify.com/album/6GphKx2QAPRoVGWE9D7ou8,,https://music.apple.com/us/album/pet-sounds/1002591475,covers/26_The_Beach_Boys_Pet_Sounds.jpg
27,Stevie Wonder,Songs in the Key of Life,28 September 1976,4.30,31k,"Soul, Progressive Soul, Funk, Smooth Soul, Pop Soul",https://e.snmc.io/i/300/s/17e895496047110ec0755652acd84594/7228470/Stevie%20Wonder%20-%20Songs%20in%20the%20Key%20of%20Life%2C%20Cover%20art.jpeg,https://open.spotify.com/album/2HVx2tiZnLX8xeaUthed1e,https://www.youtube.com/watch?v=47YdXPMjDXE,https://music.apple.com/us/album/songs-in-the-key-of-life/549888946,covers/27_Stevie_Wonder_Songs_in_the_Key_of_Life.jpg
28,Fishmans,LONG SEASON,25 October 1996,4.22,48k,"Neo-Psychedelia, Dream Pop, Progressive Pop, Dub, Ambient Pop, Post-Rock, Post-Minimalism",https://e.snmc.io/i/300/s/448ada3d5c0b215810fd98a3f86b3a9d/10504082/Fishmans%20-%20LONG%20SEASON%2C%20Cover%20art.jpeg,https://open.spotify.com/album/4EX1fAypgQC9wDjGI5QzbZ,https://www.youtube.com/watch?v=GwWv-T4rM0k,https://music.apple.com/au/album/long-season/1416925635,covers/28_Fishmans_LONG_SEASON.jpg
29,"Tyler, The Creator",Igor,17 May 2019,4.11,78k,"Neo-Soul, Alternative R&B, Synth Funk, Neo-Psychedelia, Experimental Hip Hop, Pop Rap",https://e.snmc.io/i/300/s/befb5b1ba131c8acca235078ad1469c9/7574908/Tyler%2C%20The%20Creator%20-%20Igor%2C%20Cover%20art.jpeg,https://open.spotify.com/album/5zi7WsKlIiUXv09tbGLKsE,https://www.youtube.com/watch?v=wfGuSP7PvW4,https://music.apple.com/us/album/igor/1463409338,covers/29_Tyler_The_Creator_Igor.jpg
30,Kanye West,My Beautiful Dark Twisted Fantasy,22 November 2010,4.08,90k,"Pop Rap, Hip Hop, Art Pop, Hardcore Hip Hop, Experimental Hip Hop",https://e.snmc.io/i/300/s/b7e91810a226d37876f1350a44819525/6045065/Kanye%20West%20-%20My%20Beautiful%20Dark%20Twisted%20Fantasy%2C%20Cover%20art.jpeg,https://open.spotify.com/album/20r762YmB5HeofjMCiPMLv,,https://music.apple.com/us/album/my-beautiful-dark-twisted-fantasy/403822142,covers/30_Kanye_West_My_Beautiful_Dark_Twisted_Fantasy.jpg
31,Wu-Tang Clan,Enter the Wu-Tang (36 Chambers),9 November 1993,4.22,49k,"Boom Bap, Hardcore Hip Hop",https://e.snmc.io/i/300/s/30d3e6833211d11e71b2ee5713a8da10/6558603/Wu-Tang%20Clan%20-%20Enter%20the%20Wu-Tang%20(36%20Chambers)%2C%20Cover%20art.jpeg,https://open.spotify.com/album/0ujpvwNskNwgU6nb2krDZS,,https://music.apple.com/us/album/enter-the-wu-tang-36-chambers-expanded-edition/269842381,covers/31_WuTang_Clan_Enter_the_WuTang_36_Chambers.jpg
32,Slint,Spiderland,27 March 1991,4.16,58k,"Post-Rock, Post-Hardcore, Math Rock, Spoken Word, Experimental Rock, Slowcore, Emo, Noise Rock",https://e.snmc.io/i/300/s/ac70ba7362bc7395b9ffe6889e13106c/12423124/Slint%20-%20Spiderland%2C%20Cover%20art.jpeg,https://open.spotify.com/album/0cp3HJ6szImZfnVSPHDqAU,,https://music.apple.com/no/album/spiderland/1117723921,covers/32_Slint_Spiderland.jpg
33,Portishead,Dummy,22 August 1994,4.18,56k,"Trip Hop, Dark Jazz, Acid Jazz, Illbient, Turntablism",https://e.snmc.io/i/300/s/c76d87d545ccca926770d7fe8eb4e7c9/10069850/Portishead%20-%20Dummy%2C%20Cover%20art.png,https://open.spotify.com/album/3539EbNgIdEDGBKkUf4wno,https://www.youtube.com/watch?v=sAB5TEk2sxE,https://music.apple.com/us/album/dummy/1440653096,covers/33_Portishead_Dummy.jpg
34,Cocteau Twins,Heaven or Las Vegas,17 September 1990,4.19,51k,"Dream Pop, Ethereal Wave, Shoegaze, Baggy",https://e.snmc.io/i/300/s/22de76490a726c851c424dd1225df021/11766199/Cocteau%20Twins%20-%20Heaven%20or%20Las%20Vegas%2C%20Cover%20art.jpeg,https://open.spotify.com/album/37hHXJ7xas2Nb7Jbi8ip4E,,https://music.apple.com/us/album/heaven-or-las-vegas-remastered/258198881,covers/34_Cocteau_Twins_Heaven_or_Las_Vegas.jpg
35,Kanye West,The College Dropout,10 February 2004,4.15,71k,"Chipmunk Soul, Pop Rap, Conscious Hip Hop, Neo-Soul",https://e.snmc.io/i/300/s/3a8053c10ed2cd0e9f28625e4e3651ad/4096884/Kanye%20West%20-%20The%20College%20Dropout%2C%20Cover%20art.jpeg,https://open.spotify.com/album/4Uv86qWpGTxf7fU7lG5X6F,https://www.youtube.com/watch?v=6Misle653EM,https://music.apple.com/us/album/the-college-dropout/1412872568,covers/35_Kanye_West_The_College_Dropout.jpg
36,Neutral Milk Hotel,In the Aeroplane Over the Sea,10 February 1998,4.08,79k,"Indie Folk, Indie Rock, Psychedelic Folk, Singer-Songwriter, Slacker Rock, British Brass Band, Folk Punk",https://e.snmc.io/i/300/s/4aecc2e47f567a67ebdef5acfc788ad5/12274753/Neutral%20Milk%20Hotel%20-%20In%20the%20Aeroplane%20Over%20the%20Sea%2C%20Cover%20art.jpeg,https://open.spotify.com/album/0vVekV45lOaVKs6RZQQNob,,https://music.apple.com/us/album/in-the-aeroplane-over-the-sea/5611612,covers/36_Neutral_Milk_Hotel_In_the_Aeroplane_Over_the_Sea.jpg
37,Nick Drake,Pink Moon,25 February 1972,4.19,51k,"Contemporary Folk, Singer-Songwriter, Folk Baroque, Loner Folk",https://e.snmc.io/i/300/s/ec2b52ab73dc4f61f27aebe6c768e3ed/11448668/Nick%20Drake%20-%20Pink%20Moon%2C%20Cover%20art.jpeg,https://open.spotify.com/album/5mwOo1zikswhmfHvtqVSXg,https://www.youtube.com/watch?v=_1IH3q2ULsQ,https://music.apple.com/ca/album/pink-moon/1567147188,covers/37_Nick_Drake_Pink_Moon.jpg
38,Death Grips,The Money Store,24 April 2012,4.11,69k,"Industrial Hip Hop, Hardcore Hip Hop, Experimental Hip Hop, Glitch Hop, Abstract Hip Hop",https://e.snmc.io/i/300/s/4f29e142e5601fe3bd5954d032fbc5b0/13648238/Death%20Grips%20-%20The%20Money%20Store%2C%20Cover%20art.jpeg,https://open.spotify.com/album/1PQDjdBpHPikAodJqjzm6a,https://www.youtube.com/watch?v=gGujOBeu37Y,https://music.apple.com/us/album/the-money-store/515449028,covers/38_Death_Grips_The_Money_Store.jpg
39,Slowdive,Souvlaki,1 June 1993,4.15,57k,"Dream Pop, Shoegaze, Space Rock Revival",https://e.snmc.io/i/300/s/02168a150d086ec554dc31cb239a4138/8055860/Slowdive%20-%20Souvlaki%2C%20Cover%20art.jpeg,https://open.spotify.com/album/4i21O3uVh5palcfFhCjlT7,https://www.youtube.com/watch?v=U6WnPceijEA,https://music.apple.com/pl/album/souvlaki/399211729,covers/39_Slowdive_Souvlaki.jpg
40,The Smiths,The Queen Is Dead,16 June 1986,4.13,63k,"Jangle Pop, Indie Pop, Post-Punk, Neo-Acoustic",https://e.snmc.io/i/300/s/21bcf64f8478a3bb189c5ebb8f326068/12056415/The%20Smiths%20-%20The%20Queen%20Is%20Dead%2C%20Cover%20art.png,https://open.spotify.com/album/5Y0p2XCgRRIjna91aQE8q7,,https://music.apple.com/us/album/the-queen-is-dead/800092985,covers/40_The_Smiths_The_Queen_Is_Dead.jpg
1,The Microphones,"""The Glow"" Pt. 2",11 September 2001,4.18,48k,"Indie Folk, Psychedelic Folk, Slacker Rock, Noise Rock, Avant-Folk, Singer-Songwriter, Field Recordings",https://e.snmc.io/i/300/s/dc3202749b736b8331c08635e935fd90/8964258/The%20Microphones%20-%20%22The%20Glow%22%20Pt_%202%2C%20Cover%20art.jpeg,https://open.spotify.com/album/6QYoRO2sXThCORAifrP4Bl,,https://music.apple.com/us/album/the-glow-pt-2/483212192,covers/1_The_Microphones_The_Glow_Pt_2.jpg
2,The Beatles,Sgt. Pepper's Lonely Hearts Club Band,26 May 1967,4.11,70k,"Psychedelic Pop, Pop Rock, Psychedelic Rock, Art Rock, Baroque Pop, Sunshine Pop, Music Hall",https://e.snmc.io/i/300/s/17e154620068ef6923a4fc7abbdfc3e8/10941490/The%20Beatles%20-%20Sgt_%20Pepper's%20Lonely%20Hearts%20Club%20Band%2C%20Cover%20art.jpeg,https://open.spotify.com/album/6QaVfG1pHYl1z15ZxkvVDW,,https://music.apple.com/us/album/sgt-peppers-lonely-hearts-club-band/401141921,covers/2_The_Beatles_Sgt_Peppers_Lonely_Hearts_Club_Band.jpg
3,Frank Ocean,Blonde,20 August 2016,4.10,65k,"Alternative R&B, Art Pop, Ambient Pop, Singer-Songwriter, Alt-Pop, Neo-Soul",https://e.snmc.io/i/300/s/b5ec5f9fe27f47cfe61e8fbf93314a72/8060362/Frank%20Ocean%20-%20Blonde%2C%20Cover%20art.jpeg,https://open.spotify.com/album/3mH6qwIy9crq0I9YQbOuDf,,https://music.apple.com/pl/album/blonde/1146195596,covers/3_Frank_Ocean_Blonde.jpg
4,Marvin Gaye,What's Going On,21 May 1971,4.20,39k,"Soul, Progressive Soul, Smooth Soul, Philly Soul",https://e.snmc.io/i/300/s/61adef81b8e6429184bcbbb7e4595705/12365918/Marvin%20Gaye%20-%20What's%20Going%20On%2C%20Cover%20art.jpeg,https://open.spotify.com/album/6qX4eoPWGteMdJMqGOwPTs,,https://music.apple.com/us/album/whats-going-on/1538081586,covers/4_Marvin_Gaye_Whats_Going_On.jpg
5,Björk,Homogenic,22 September 1997,4.16,50k,"Art Pop, Electronic, Trip Hop, IDM, Glitch Pop, Chamber Music",https://e.snmc.io/i/300/s/b80486d3d8c0fc0c3c757ae078ce42f1/8697079/Bj%C3%B6rk%20-%20Homogenic%2C%20Cover%20art.jpeg,https://open.spotify.com/album/3knDOJUQBAATXsKYLWO4k8,https://www.youtube.com/watch?v=woy1huohq0c,https://music.apple.com/us/album/homogenic/20833577,covers/5_Björk_Homogenic.jpg
6,Danny Brown,Atrocity Exhibition,30 September 2016,4.14,49k,"Experimental Hip Hop, Hardcore Hip Hop, Abstract Hip Hop, Industrial Hip Hop, Post-Punk",https://e.snmc.io/i/300/s/9f24a74dabaf9f2f0d5e3f64f039f9bb/10533488/Danny%20Brown%20-%20Atrocity%20Exhibition%2C%20Cover%20art.jpeg,https://open.spotify.com/album/3e7vtKJ3m1zVh38VGq2g3H,https://www.youtube.com/watch?v=1sXk5Q2q_2M,https://music.apple.com/us/album/atrocity-exhibition/1142690534,covers/6_Danny_Brown_Atrocity_Exhibition.jpg
7,Joy Division,Unknown Pleasures,15 June 1979,4.10,64k,"Post-Punk, Gothic Rock",https://e.snmc.io/i/300/s/cdaccd6496fd89fc83769686029a8a17/10154759/Joy%20Division%20-%20Unknown%20Pleasures%2C%20Cover%20art.jpeg,https://open.spotify.com/album/0cbpcdI4UySacPh5RCpDfo,https://www.youtube.com/watch?v=oo7lt0lLOvg,https://music.apple.com/us/album/unknown-pleasures-2019-master/1476702180,covers/7_Joy_Division_Unknown_Pleasures.jpg
8,Miles Davis,In a Silent Way,30 July 1969,4.23,30k,"Jazz Fusion, Modal Jazz, Avant-Garde Jazz, Ambient, Cool Jazz",https://e.snmc.io/i/300/s/7879a98690e012ef210bf4489f551b54/9687885/Miles%20Davis%20-%20In%20a%20Silent%20Way%2C%20Cover%20art.png,https://open.spotify.com/album/0Hs3BomCdwIWRhgT57x22T,,https://music.apple.com/us/album/in-a-silent-way/193603857,covers/8_Miles_Davis_In_a_Silent_Way.jpg
9,A Tribe Called Quest,The Low End Theory,24 September 1991,4.17,46k,"Jazz Rap, Conscious Hip Hop, Boom Bap, Boom Bap",https://e.snmc.io/i/300/s/a3f7549db33caf0e5fa1713d073cb1ac/12239888/A%20Tribe%20Called%20Quest%20-%20The%20Low%20End%20Theory%2C%20Cover%20art.jpeg,https://open.spotify.com/album/1p12OAWwudgMqfMzjMvl2a,,https://music.apple.com/us/album/the-low-end-theory/278911460,covers/9_A_Tribe_Called_Quest_The_Low_End_Theory.jpg
10,Daft Punk,Discovery,13 March 2001,4.13,55k,"French House, Electro-Disco, Funky House, Dance-Pop, Synth Funk, Nu-Disco",https://e.snmc.io/i/300/s/6de6ae15052f0f1f14f1643e7c769b4a/13215963/Daft%20Punk%20-%20Discovery%2C%20Cover%20art.jpeg,https://open.spotify.com/album/2noRn2Aes5aoNVsU6iWThc,,https://music.apple.com/us/album/discovery/697194953,covers/10_Daft_Punk_Discovery.jpg
11,Godspeed You Black Emperor!,F♯A♯∞,14 August 1997,4.17,44k,"Post-Rock, Field Recordings, Spoken Word, Ambient, Drone, Chamber Music",https://e.snmc.io/i/300/s/95f5726cf1dcf9d283a7d2bcc498e845/11681270/Godspeed%20You%20Black%20Emperor!%20-%20F%E2%99%AFA%E2%99%AF%E2%88%9E%2C%20Cover%20art.png,,,https://music.apple.com/us/album/f-a/40884346,covers/11_Godspeed_You_Black_Emperor_FA.jpg
12,Elliott Smith,Either / Or,25 February 1997,4.18,44k,"Singer-Songwriter, Indie Folk, Indie Pop, Slacker Rock, Folk Rock, Loner Folk",https://e.snmc.io/i/300/s/e64d03171263c3142bfe4ad83b912a9b/12928022/Elliott%20Smith%20-%20Either%20%2F%20Or%2C%20Cover%20art.png,https://open.spotify.com/album/5hryhrT7wEdLnZCbJX9F6L,https://www.youtube.com/watch?v=9g-vyrGKGWM,https://music.apple.com/us/album/either-or/313302066,covers/12_Elliott_Smith_Either__Or.jpg
13,The Beatles,The Beatles [White Album],22 November 1968,4.13,58k,"Pop Rock, Rock, Psychedelic Rock, Blues Rock, Art Rock, Folk Rock, Hard Rock",https://e.snmc.io/i/300/s/2077f461e0dbdd9d615ffcfb5d80e116/7430929/The%20Beatles%20-%20The%20Beatles%20%5BWhite%20Album%5D%2C%20Cover%20art.jpeg,https://open.spotify.com/album/1klALx0u4AavZNEvC4LrTL,,https://music.apple.com/us/album/the-beatles-white-album/401126224,covers/13_The_Beatles_The_Beatles_White_Album.jpg
14,Fishmans,98.12.28 Otokotachi no wakare98.12.28 男達の別れ,29 September 1999,4.40,25k,"Dream Pop, Neo-Psychedelia, Dub, Ambient Pop, Progressive Pop, Post-Rock, Reggae Rock",https://e.snmc.io/i/300/s/5ee50be2139b2660d0f73dc23f823d67/12728579/Fishmans%20-%2098_12_28%20%E7%94%B7%E9%81%94%E3%81%AE%E5%88%A5%E3%82%8C%20%5B98_12_28%20Otokotachi%20no%20wakare%5D%2C%20Cover%20art.png,https://open.spotify.com/album/5K4YFkTizFoMOyN5Khfp7G,,https://music.apple.com/us/album/98-12-28-otokotachino-wakare-live/1416934392,covers/14_Fishmans_981228_Otokotachi_no_wakare981228_男達の別れ.jpg
15,MF DOOM,MM..FOOD,16 November 2004,4.15,46k,"Abstract Hip Hop, Experimental Hip Hop, Jazz Rap, Plunderphonics",https://e.snmc.io/i/300/s/7e7969937ee1ea99e246b7367bff73a7/11429706/MF%20DOOM%20-%20MM__FOOD%2C%20Cover%20art.jpeg,https://open.spotify.com/album/43yC4eriRHqTxGpb364KaR,,https://music.apple.com/us/album/mm-food/1516750770,covers/15_MF_DOOM_MMFOOD.jpg
16,Aphex Twin,Selected Ambient Works 85-92,9 November 1992,4.10,56k,"Ambient Techno, IDM, Ambient, Chillout",https://e.snmc.io/i/300/s/085c31e098fcdabc1daeb3e0663e11b4/1353614/Aphex%20Twin%20-%20Selected%20Ambient%20Works%2085-92%2C%20Cover%20art.jpeg,https://open.spotify.com/album/7aNclGRxTysfh6z0d8671k,https://www.youtube.com/watch?v=Xw5AiRVqfqk,https://music.apple.com/us/album/selected-ambient-works-85-92/1108845101,covers/16_Aphex_Twin_Selected_Ambient_Works_8592.jpg
17,Yes,Close to the Edge,13 September 1972,4.18,38k,"Symphonic Prog, Progressive Rock",https://e.snmc.io/i/300/s/a03ea21aa66f1514e04b4fcb54b75128/11166648/Yes%20-%20Close%20to%20the%20Edge%2C%20Cover%20art.jpeg,https://open.spotify.com/album/252LyflX4wUeISSzgL392F,,https://music.apple.com/us/album/close-to-the-edge/1049014094,covers/17_Yes_Close_to_the_Edge.jpg
18,Kate Bush,Hounds of Love,16 September 1985,4.15,42k,"Art Pop, Progressive Pop, Baroque Pop, Synthpop",https://e.snmc.io/i/300/s/7a945d5eee785f330de2a0ab028ed99c/12177980/Kate%20Bush%20-%20Hounds%20of%20Love%2C%20Cover%20art.jpeg,https://open.spotify.com/album/5BWl0bB1q0TqyFmkBEupZy,,https://music.apple.com/us/album/hounds-of-love/901279250,covers/18_Kate_Bush_Hounds_of_Love.jpg
19,David Bowie,★ [Blackstar],8 January 2016,4.14,43k,"Art Rock, Jazz-Rock, Experimental Rock, Electronic",https://e.snmc.io/i/300/s/8a3d4bd8812f74f90ab55e22fdbc7578/5978111/David%20Bowie%20-%20%E2%98%85%20%5BBlackstar%5D%2C%20Cover%20art.png,https://open.spotify.com/album/2w1YJXWMIco6EBf0CovvVN,,https://music.apple.com/us/album/blackstar/1059043043,covers/19_David_Bowie_Blackstar.jpg
20,Nirvana,Nevermind,24 September 1991,4.04,76k,"Grunge, Alternative Rock, Punk Rock",https://e.snmc.io/i/300/s/eace4c23494262729dd394ab743a3142/12369917/Nirvana%20-%20Nevermind%2C%20Cover%20art.jpeg,https://open.spotify.com/album/2guirTSEqLizK7j9i1MTTZ,,https://music.apple.com/us/album/nevermind/485495703,covers/20_Nirvana_Nevermind.jpg
21,Have a Nice Life,Deathconsciousness,24 January 2008,4.12,49k,"Post-Punk, Shoegaze, Gothic Rock, Drone, Post-Rock, Post-Industrial, Doomgaze, Gothic Rock",https://e.snmc.io/i/300/s/ba7dce62888226b12b86405ed650a59e/10669900/Have%20a%20Nice%20Life%20-%20Deathconsciousness%2C%20Cover%20art.jpeg,https://open.spotify.com/album/6MH3CAXp8AN8ELrbex18dM,,https://music.apple.com/us/album/deathconsciousness/913726094,covers/21_Have_a_Nice_Life_Deathconsciousness.jpg
22,David Bowie,Low,14 January 1977,4.13,46k,"Art Rock, Ambient, Electronic, Art Pop, Krautrock, Progressive Electronic",https://e.snmc.io/i/300/s/975219834040280f48185ab70215604e/12295894/David%20Bowie%20-%20Low%2C%20Cover%20art.jpeg,https://open.spotify.com/album/2de6LD7eOW8zrlorbS28na,,https://music.apple.com/us/album/low-2017-remastered-version/1347895593,covers/22_David_Bowie_Low.jpg
23,Sufjan Stevens,Illinois,5 July 2005,4.14,43k,"Chamber Pop, Singer-Songwriter, Chamber Folk, Americana, Progressive Pop, Folk Pop, Indie Folk",https://e.snmc.io/i/300/s/0b159f0fe9db18f32dc547349a807276/6845564/Sufjan%20Stevens%20-%20Illinois%2C%20Cover%20art.jpeg,https://open.spotify.com/album/7j8lfKDdL7vE8OAM4cA3W3,,https://music.apple.com/us/album/illinois/309742278,covers/23_Sufjan_Stevens_Illinois.jpg
24,Miles Davis,Bitches Brew,30 March 1970,4.19,32k,"Jazz Fusion, Avant-Garde Jazz, Jazz-Rock, Jazz-Funk",https://e.snmc.io/i/300/s/0cae52f77a2882b84d03c44ecbf6060c/2259766/Miles%20Davis%20-%20Bitches%20Brew%2C%20Cover%20art.jpeg,https://open.spotify.com/album/3Q0zkOZEOC855ErOOJ1AdO,,https://music.apple.com/no/album/bitches-brew/168376392,covers/24_Miles_Davis_Bitches_Brew.jpg
25,Bob Dylan,Highway 61 Revisited,30 August 1965,4.16,41k,"Folk Rock, Singer-Songwriter, Blues Rock, Contemporary Folk",https://e.snmc.io/i/300/s/493379771ddd808552426c37aab6584f/3677487/Bob%20Dylan%20-%20Highway%2061%20Revisited%2C%20Cover%20art.jpeg,https://open.spotify.com/album/6YabPKtZAjxwyWbuO9p4ZD,https://www.youtube.com/watch?v=8PP2MjP84Gw,https://music.apple.com/us/album/highway-61-revisited/201281514,covers/25_Bob_Dylan_Highway_61_Revisited.jpg
26,DJ Shadow,Endtroducing.....,19 November 1996,4.13,44k,"Instrumental Hip Hop, Experimental Hip Hop, Plunderphonics, Trip Hop, Turntablism",https://e.snmc.io/i/300/s/0d83ed624f992c547b5a2d66cd859842/12326492/DJ%20Shadow%20-%20Endtroducing_____%2C%20Cover%20art.jpeg,https://open.spotify.com/album/4wvqGLk1HThPA0b5lzRK2l,,https://music.apple.com/us/album/endtroducing/1448896560,covers/26_DJ_Shadow_Endtroducing.jpg
27,Television,Marquee Moon,8 February 1977,4.14,41k,"Art Punk, Art Rock, Post-Punk",https://e.snmc.io/i/300/s/615db3e6e39fd93abef61bad7bbdd90c/7659700/Television%20-%20Marquee%20Moon%2C%20Cover%20art.jpeg,https://open.spotify.com/album/630o1rKTDsLeIPreOY1jqP,,https://music.apple.com/us/album/marquee-moon/1049069472,covers/27_Television_Marquee_Moon.jpg
28,Black Sabbath,Master of Reality,21 July 1971,4.14,42k,"Heavy Metal, Traditional Doom Metal, Traditional Doom Metal",https://e.snmc.io/i/300/s/b92aeab55105effb4489078d8b3d8171/2918156/Black%20Sabbath%20-%20Master%20of%20Reality%2C%20Cover%20art.jpeg,https://open.spotify.com/album/7pGb2cOGVz6vLyaZaKOQ7D,https://www.youtube.com/watch?v=1fqGIpkp2NU,https://music.apple.com/us/album/master-of-reality/785239139,covers/28_Black_Sabbath_Master_of_Reality.jpg
29,Swans,Soundtracks for the Blind,22 October 1996,4.16,33k,"Experimental Rock, Post-Rock, Experimental, Drone, Dark Ambient, Field Recordings, Spoken Word, Sound Collage",https://e.snmc.io/i/300/s/742b19a60e882643737cdde408788ceb/1868623/Swans%20-%20Soundtracks%20for%20the%20Blind%2C%20Cover%20art.jpeg,https://open.spotify.com/album/40aCknK9NwtjoieiNyNLqf,,https://music.apple.com/us/album/soundtracks-for-the-blind/895636946,covers/29_Swans_Soundtracks_for_the_Blind.jpg
30,Nirvana,In Utero,21 September 1993,4.07,60k,"Grunge, Noise Rock, Post-Hardcore, Pigfuck, Noise Rock, Slacker Rock",https://e.snmc.io/i/300/s/1f98fc5c98cb6469bba567c8595c1177/12026991/Nirvana%20-%20In%20Utero%2C%20Cover%20art.jpeg,https://open.spotify.com/album/7wOOA7l306K8HfBKfPoafr,,https://music.apple.com/us/album/in-utero-20th-anniversary-remastered/706008781,covers/30_Nirvana_In_Utero.jpg
31,J Dilla,Donuts,7 February 2006,4.14,37k,"Instrumental Hip Hop, Experimental Hip Hop, Soul, Plunderphonics",https://e.snmc.io/i/300/s/edd804d82ec19629f3c799351378af63/3124480/J%20Dilla%20-%20Donuts%2C%20Cover%20art.jpeg,https://open.spotify.com/album/5fMlysqhFE0itGn4KezMBW,,https://music.apple.com/us/album/donuts/108233171,covers/31_J_Dilla_Donuts.jpg
32,Pixies,Doolittle,17 April 1989,4.09,53k,"Indie Rock, Alternative Rock, Noise Pop, Surf Rock, Slacker Rock",https://e.snmc.io/i/300/s/058e72cba81e7788760908ed9577f378/9267576/Pixies%20-%20Doolittle%2C%20Cover%20art.png,https://open.spotify.com/album/0DQyTVcDhK9wm0f6RaErWO,,https://music.apple.com/us/album/doolittle/7060469,covers/32_Pixies_Doolittle.jpg
33,Led Zeppelin,Led Zeppelin [IV],8 November 1971,4.10,53k,"Hard Rock, Blues Rock, Folk Rock",https://e.snmc.io/i/300/s/21a4c77edcba76ab85f839044ef41f24/5707164/Led%20Zeppelin%20-%20Led%20Zeppelin%20%5BIV%5D%2C%20Cover%20art.jpeg,https://open.spotify.com/album/5EyIDBAqhnlkAHqvPRwdbX,https://www.youtube.com/watch?v=0hLESLXqBLI,https://music.apple.com/us/album/led-zeppelin-iv-remastered/580708175,covers/33_Led_Zeppelin_Led_Zeppelin_IV.jpg
34,Jeff Buckley,Grace,23 August 1994,4.12,45k,"Alternative Rock, Singer-Songwriter, Art Rock",https://e.snmc.io/i/300/s/99cb56659c144812a1c73690e3a1e907/7027387/Jeff%20Buckley%20-%20Grace%2C%20Cover%20art.jpeg,https://open.spotify.com/album/7yQtjAjhtNi76KRu05XWFS,,https://music.apple.com/us/album/grace/1046187510,covers/34_Jeff_Buckley_Grace.jpg
35,The Jimi Hendrix Experience,Electric Ladyland,25 October 1968,4.16,34k,"Blues Rock, Psychedelic Rock, Acid Rock, Hard Rock, Heavy Psych",https://e.snmc.io/i/300/s/316c1563af75109e7cf3cbd74afa08a9/3646702/The%20Jimi%20Hendrix%20Experience%20-%20Electric%20Ladyland%2C%20Cover%20art.jpeg,https://open.spotify.com/album/5z090LQztiqh13wYspQvKQ,,https://music.apple.com/us/album/electric-ladyland/357652252,covers/35_The_Jimi_Hendrix_Experience_Electric_Ladyland.jpg
36,"Black Country, New Road",Ants From Up There,4 February 2022,4.04,55k,"Art Rock, Post-Rock, Chamber Pop, Chamber Music, Indie Rock",https://e.snmc.io/i/300/s/962f3c52f37cf69d7f25f75f939c85e4/9391518/Black%20Country%2C%20New%20Road%20-%20Ants%20From%20Up%20There%2C%20Cover%20art.jpeg,https://open.spotify.com/album/21xp7NdU1ajmO1CX0w2Egd,https://www.youtube.com/watch?v=MIJjiW_aAFQ,https://music.apple.com/hu/album/ants-from-up-there/1586070259,covers/36_Black_Country_New_Road_Ants_From_Up_There.jpg
37,Kanye West,Late Registration,30 August 2005,4.06,62k,"Pop Rap, Hip Hop, Conscious Hip Hop, Neo-Soul, Jazz Rap, Chipmunk Soul, Pop Rap",https://e.snmc.io/i/300/s/2e1ee1c1d631650ff1ea7890a18c705a/6296496/Kanye%20West%20-%20Late%20Registration%2C%20Cover%20art.jpeg,https://open.spotify.com/album/5ll74bqtkcXlKE7wwkMq4g,https://www.youtube.com/watch?v=Gbsn6BcmXZo,https://music.apple.com/us/album/late-registration/79483267,covers/37_Kanye_West_Late_Registration.jpg
38,Nine Inch Nails,The Downward Spiral,8 March 1994,4.10,43k,"Industrial Rock, Industrial Metal, Electro-Industrial, Art Rock, Noise Rock",https://e.snmc.io/i/300/s/a94810739a7444a0bd6df45b8b093642/13721677/Nine%20Inch%20Nails%20-%20The%20Downward%20Spiral%2C%20Cover%20art.jpeg,https://open.spotify.com/album/3nJnyDV8fwFpffo0EyHQto,https://www.youtube.com/watch?v=mYAIPpX1LoY,https://music.apple.com/us/album/the-downward-spiral/1147703572,covers/38_Nine_Inch_Nails_The_Downward_Spiral.jpg
39,The Doors,The Doors,4 January 1967,4.08,49k,"Psychedelic Rock, Blues Rock, Acid Rock, Garage Psych",https://e.snmc.io/i/300/s/a4a4a907219d1fbda4b823bc90af9998/2281803/The%20Doors%20-%20The%20Doors%2C%20Cover%20art.jpeg,https://open.spotify.com/album/1jWmEhn3ggaL6isoyLfwBn,https://www.youtube.com/watch?v=H7Rol3vkqms,https://music.apple.com/us/album/the-doors/639380930,covers/39_The_Doors_The_Doors.jpg
40,Massive Attack,Mezzanine,20 April 1998,4.10,44k,"Trip Hop, Dub, Post-Industrial, Illbient, Industrial Rock",https://e.snmc.io/i/300/s/ecbd865c6085655f8b2dbba4ddee8638/10956120/Massive%20Attack%20-%20Mezzanine%2C%20Cover%20art.jpeg,https://open.spotify.com/album/49MNmJhZQewjt06rpwp6QR,,https://music.apple.com/us/album/mezzanine/724466069,covers/40_Massive_Attack_Mezzanine.jpg
1,David Bowie,Station to Station,23 January 1976,4.13,35k,"Art Rock, Funk Rock, Blue-Eyed Soul, Funk Rock, Piano Rock",https://e.snmc.io/i/300/s/7b838314f663cb1f3339971005d34b95/13575914/David%20Bowie%20-%20Station%20to%20Station%2C%20Cover%20art.jpeg,https://open.spotify.com/album/0MWrKayUshRuT8maG4ZAOU,,https://music.apple.com/us/album/station-to-station-2016-remastered-version/1195104858,covers/1_David_Bowie_Station_to_Station.jpg
2,Metallica,Ride the Lightning,27 July 1984,4.08,48k,"Thrash Metal, Heavy Metal",https://e.snmc.io/i/300/s/a54acb73ba94f6f441a6cc3311f7e0e4/10821765/Metallica%20-%20Ride%20the%20Lightning%2C%20Cover%20art.jpeg,https://open.spotify.com/album/05DePtm7oQMdL3Uzw2Jmsc,,https://music.apple.com/us/album/ride-the-lightning-remastered/579148345,covers/2_Metallica_Ride_the_Lightning.jpg
3,Talk Talk,Laughing Stock,16 September 1991,4.13,31k,"Post-Rock, Art Rock, Experimental Rock, Jazz-Rock, Chamber Jazz, Art Rock",https://e.snmc.io/i/300/s/79ced554b6508ada4140caadc64c17e6/6811660/Talk%20Talk%20-%20Laughing%20Stock%2C%20Cover%20art.jpeg,https://open.spotify.com/album/7vqMpYHIqqWQQc0IVR03ue,https://www.youtube.com/watch?v=1-DaZi7Tii0,https://music.apple.com/us/album/laughing-stock/85334,covers/3_Talk_Talk_Laughing_Stock.jpg
4,Bob Dylan,Blood on the Tracks,20 January 1975,4.15,30k,"Singer-Songwriter, Folk Rock, Contemporary Folk",https://e.snmc.io/i/300/s/6561e5f7aa0966d580708c1aa6fc2100/12127324/Bob%20Dylan%20-%20Blood%20on%20the%20Tracks%2C%20Cover%20art.jpeg,https://open.spotify.com/album/4WD4pslu83FF6oMa1e19mF,,https://music.apple.com/us/album/blood-on-the-tracks/158320766,covers/4_Bob_Dylan_Blood_on_the_Tracks.jpg
5,Bob Dylan,Blonde on Blonde,20 June 1966,4.14,33k,"Folk Rock, Singer-Songwriter, Blues Rock",https://e.snmc.io/i/300/s/5b50e8bca4308a3a90466424c878a1c4/13718585/Bob%20Dylan%20-%20Blonde%20on%20Blonde%2C%20Cover%20art.png,https://open.spotify.com/album/4NP1rhnsPdYpnyJP0p0k0L,,https://music.apple.com/us/album/blonde-on-blonde/178049863,covers/5_Bob_Dylan_Blonde_on_Blonde.jpg
6,Death,Symbolic,21 March 1995,4.14,28k,"Technical Death Metal, Progressive Metal, Melodic Death Metal",https://e.snmc.io/i/300/s/a81e77c822e8ffc7c097358531e9a6e4/13170023/Death%20-%20Symbolic%2C%20Cover%20art.png,https://open.spotify.com/album/4YACrpVtdpoFocBPBeLbzO,https://www.youtube.com/watch?v=QH4jrLL-sS4,https://music.apple.com/us/album/symbolic/214477696,covers/6_Death_Symbolic.jpg
7,Pharoah Sanders,Karma,May 1969,4.17,20k,"Spiritual Jazz, Avant-Garde Jazz, Free Jazz, Soul Jazz, Yodeling",https://e.snmc.io/i/300/s/e5ccae77673972edef481bf5392352b6/13723627/Pharoah%20Sanders%20-%20Karma%2C%20Cover%20art.jpeg,https://open.spotify.com/album/4VDXGlGAtdRymlguxaRTtB,,https://music.apple.com/us/album/karma/331090,covers/7_Pharoah_Sanders_Karma.jpg
8,Sufjan Stevens,Carrie & Lowell,31 March 2015,4.10,37k,"Indie Folk, Singer-Songwriter, Chamber Folk, Ambient Pop",https://e.snmc.io/i/300/s/9ba8b3cd7fccd20d6379499ae2727f0c/12092505/Sufjan%20Stevens%20-%20Carrie%20%26%20Lowell%2C%20Cover%20art.jpeg,https://open.spotify.com/album/0U8DeqqKDgIhIiWOdqiQXE,https://www.youtube.com/watch?v=wX8vpzU_i_c,https://music.apple.com/us/album/carrie-lowell/955572616,covers/8_Sufjan_Stevens_Carrie__Lowell.jpg
9,OutKast,Aquemini,29 September 1998,4.13,29k,"Conscious Hip Hop, Neo-Soul, Funk, Experimental Hip Hop, Hardcore Hip Hop, Progressive Soul",https://e.snmc.io/i/300/s/23bc2d9827cadd495b68836049535a22/8595826/OutKast%20-%20Aquemini%2C%20Cover%20art.jpeg,https://open.spotify.com/album/5ceB3rxgXqIRpsOvVzTG28,,https://music.apple.com/us/album/aquemini/266365274,covers/9_OutKast_Aquemini.jpg
10,Joy Division,Closer,18 July 1980,4.07,43k,"Post-Punk, Gothic Rock, Gothic Rock, Coldwave",https://e.snmc.io/i/300/s/9c7d34afb9f884e03b4817f908020bf4/7790079/Joy%20Division%20-%20Closer%2C%20Cover%20art.jpeg,https://open.spotify.com/album/0KBdfMTMxi0oD1oVqApTjr,https://www.youtube.com/watch?v=94eBRzLGYYs,https://music.apple.com/us/album/closer-remastered/544364714,covers/10_Joy_Division_Closer.jpg
11,Magdalena Bay,Imaginal Disk,23 August 2024,4.08,40k,"Neo-Psychedelia, Synthpop, Chillwave, Dance-Pop, Progressive Pop, Alternative Dance, Indietronica",https://e.snmc.io/i/300/s/3f75ef7cfe939d11d1d1ad1c3b30e19e/12301754/Magdalena%20Bay%20-%20Imaginal%20Disk%2C%20Cover%20art.jpeg,https://open.spotify.com/album/4HTy9WFTYooRjE9giTmzAF,https://www.youtube.com/watch?v=OPe7tn_Hju4,https://music.apple.com/us/album/imaginal-disk/1751414757,covers/11_Magdalena_Bay_Imaginal_Disk.jpg
12,A Tribe Called Quest,Midnight Marauders,9 November 1993,4.13,29k,"Jazz Rap, Boom Bap, Conscious Hip Hop",https://e.snmc.io/i/300/s/37d0ed6e88e48ff0736a1257adcb2554/12913149/A%20Tribe%20Called%20Quest%20-%20Midnight%20Marauders%2C%20Cover%20art.jpeg,https://open.spotify.com/album/4v5x3Oo3UjQ9YmF3hRAip5,,https://music.apple.com/us/album/midnight-marauders/265670545,covers/12_A_Tribe_Called_Quest_Midnight_Marauders.jpg
13,Milton Nascimento&,Clube da esquina,March 1972,4.16,20k,"MPB, Psychedelic Pop, Baroque Pop, Contemporary Folk, Psychedelic Folk",https://e.snmc.io/i/300/s/e5c2ab0498b3d87033912d5061ef77f0/13354107/Milton%20Nascimento%20%26%20L%C3%B4%20Borges%20-%20Clube%20da%20esquina%2C%20Cover%20art.jpeg,https://open.spotify.com/album/5risYG7klZCSLMNxB9dZhf,,https://music.apple.com/no/album/clube-da-esquina/724475051,covers/13_Milton_Nascimento_Clube_da_esquina.jpg
14,The Avalanches,Since I Left You,27 November 2000,4.07,39k,"Plunderphonics, Dance, Instrumental Hip Hop, Nu-Disco, Exotica, Neo-Psychedelia",https://e.snmc.io/i/300/s/bbdf89b5d4fa443f5d2b88a4dd453847/10529939/The%20Avalanches%20-%20Since%20I%20Left%20You%2C%20Cover%20art.jpeg,https://open.spotify.com/album/3GBnNRYsxBfEeMSMmTpJ25,https://www.youtube.com/watch?v=TyOfYE5cqNk,https://music.apple.com/us/album/since-i-left-you/1074451550,covers/14_The_Avalanches_Since_I_Left_You.jpg
15,Sweet Trip,Velocity : Design : Comfort,17 June 2003,4.08,36k,"Glitch Pop, IDM, Dream Pop, Glitch, Shoegaze, Ambient Pop, Noise Pop",https://e.snmc.io/i/300/s/6c535cb5e8d749df4d954152fd7a8329/12844872/Sweet%20Trip%20-%20Velocity%20%3A%20Design%20%3A%20Comfort%2C%20Cover%20art.png,https://open.spotify.com/album/0eUUQ4rly8Q8PyJPWLgde2,https://www.youtube.com/watch?v=fZlNt05dCX8,https://music.apple.com/us/album/velocity-design-comfort/299710177,covers/15_Sweet_Trip_Velocity__Design__Comfort.jpg
16,Black Sabbath,Black Sabbath,13 February 1970,4.06,42k,"Heavy Metal, Hard Rock, Occult Rock, Blues Rock, Traditional Doom Metal, Heavy Psych",https://e.snmc.io/i/300/s/c9694806c1c4536f6bb4f65ae1e5cfc7/10432237/Black%20Sabbath%20-%20Black%20Sabbath%2C%20Cover%20art.jpeg,https://open.spotify.com/album/4ZLy3U2q17Yjw7jkjXPJQj,https://www.youtube.com/watch?v=G3YVFGNQPCI,https://music.apple.com/us/album/black-sabbath/787645011,covers/16_Black_Sabbath_Black_Sabbath.jpg
17,Metallica,Master of Puppets,3 March 1986,4.04,50k,"Thrash Metal, Progressive Metal, Heavy Metal",https://e.snmc.io/i/300/s/d9f52f1ea4fbdf3348b532b7ce9d7d5b/3986151/Metallica%20-%20Master%20of%20Puppets%2C%20Cover%20art.jpeg,https://open.spotify.com/album/2Lq2qX3hYhiuPckC8Flj21,,https://music.apple.com/us/album/master-of-puppets-remastered/1275600311,covers/17_Metallica_Master_of_Puppets.jpg
18,The Jimi Hendrix Experience,Are You Experienced,12 May 1967,4.09,36k,"Blues Rock, Psychedelic Rock, Acid Rock, Hard Rock",https://e.snmc.io/i/300/s/6d0c4de972ef0fe720bddcdf0788d7ce/2609770/The%20Jimi%20Hendrix%20Experience%20-%20Are%20You%20Experienced%2C%20Cover%20art.jpeg,https://open.spotify.com/album/719ELjvRzp0lHiLyAuAGj3,,https://music.apple.com/pl/album/are-you-experienced-deluxe-version/344789894,covers/18_The_Jimi_Hendrix_Experience_Are_You_Experienced.jpg
19,Stevie Wonder,Innervisions,3 August 1973,4.14,22k,"Soul, Progressive Soul, Funk, Smooth Soul, Psychedelic Soul",https://e.snmc.io/i/300/s/6707d122c33e54884529c1fce8c865a0/5749587/Stevie%20Wonder%20-%20Innervisions%2C%20Cover%20art.jpeg,https://open.spotify.com/album/5jgI8Eminx9MmLBontDWq8,,https://music.apple.com/us/album/innervisions/549920877,covers/19_Stevie_Wonder_Innervisions.jpg
20,Sade,Love Deluxe,11 November 1992,4.14,22k,"Smooth Soul, Sophisti-Pop, Downtempo, Smooth Jazz, Neo-Soul, Contemporary R&B, Downtempo, Progressive Soul",https://e.snmc.io/i/300/s/75a5e92d0323b3fa66ca4e43c58d0e4d/8483266/Sade%20-%20Love%20Deluxe%2C%20Cover%20art.jpeg,https://open.spotify.com/album/6Y8lHGQqTmbE6Hhj1mMCkX,,https://music.apple.com/us/album/love-deluxe/158796559,covers/20_Sade_Love_Deluxe.jpg
21,The Strokes,Is This It,27 August 2001,4.00,57k,"Garage Rock Revival, Indie Rock, Post-Punk Revival",https://e.snmc.io/i/300/s/d0b6d4c2b43bbe5c12c5e5886a48d6da/12096953/The%20Strokes%20-%20Is%20This%20It%2C%20Cover%20art.jpeg,https://open.spotify.com/album/2k8KgmDp9oHrmu0MIj4XDE,,https://music.apple.com/us/album/is-this-it/266376953,covers/21_The_Strokes_Is_This_It.jpg
22,Talking Heads,Stop Making Sense,September 1984,4.33,15k,"New Wave, Film Soundtrack, Post-Punk, Funk, Mutant Disco, Art Punk, Synth Funk, Dance-Punk",https://e.snmc.io/i/300/s/b9846beab605c7eae3254c8a4ec9fde9/1473463/Talking%20Heads%20-%20Stop%20Making%20Sense%2C%20Cover%20art.jpeg,https://open.spotify.com/album/0ydE6hjtxC05pkX164DnuK,https://www.youtube.com/watch?v=yWc9Nhwr878,https://music.apple.com/gb/album/stop-making-sense-live-special-new-edition/290073030,covers/22_Talking_Heads_Stop_Making_Sense.jpg
23,Leonard Cohen,Songs of Leonard Cohen,27 December 1967,4.12,28k,"Contemporary Folk, Singer-Songwriter, Chamber Folk",https://e.snmc.io/i/300/s/87fe5e2843211c31e577caf11b2b50cc/12319332/Leonard%20Cohen%20-%20Songs%20of%20Leonard%20Cohen%2C%20Cover%20art.jpeg,https://open.spotify.com/album/2Aiv0ThDpFa7lqHphR6MN5,,https://music.apple.com/us/album/songs-of-leonard-cohen/191437839,covers/23_Leonard_Cohen_Songs_of_Leonard_Cohen.jpg
24,Freddie Gibbs & Madlib,Piñata,18 March 2014,4.09,33k,"Gangsta Rap, Jazz Rap, Drumless, Mafioso Rap",https://e.snmc.io/i/300/s/1dd14ef797c4c1602a431e62282b0be9/5249029/Freddie%20Gibbs%20%26%20Madlib%20-%20Pi%C3%B1ata%2C%20Cover%20art.jpeg,https://open.spotify.com/album/43uErencdmuTRFZPG3zXL1,,https://music.apple.com/us/album/pi%C3%B1ata/1705349861,covers/24_Freddie_Gibbs__Madlib_Piñata.jpg
25,The Cure,Pornography,3 May 1982,4.07,37k,"Gothic Rock, Post-Punk, Coldwave, Neo-Psychedelia",https://e.snmc.io/i/300/s/4f12654835ecd1f9e0a44ab97d84e011/3014863/The%20Cure%20-%20Pornography%2C%20Cover%20art.jpeg,https://open.spotify.com/album/33TDfmEXufojT6jxgb3BTK,,https://music.apple.com/us/album/pornography-deluxe-edition/65620466,covers/25_The_Cure_Pornography.jpg
26,Swans,To Be Kind,13 May 2014,4.06,35k,"Experimental Rock, Post-Rock, Noise Rock, Drone, Punk, Totalism, Post-Punk",https://e.snmc.io/i/300/s/29bc99b0b1c54e2ad574022bb9c13d49/5247406/Swans%20-%20To%20Be%20Kind%2C%20Cover%20art.jpeg,https://open.spotify.com/album/4dq7JNcHKrnozzFQg5bpmn,,https://music.apple.com/us/album/to-be-kind/836834698,covers/26_Swans_To_Be_Kind.jpg
27,Genius/GZA,Liquid Swords,7 November 1995,4.10,28k,"Hardcore Hip Hop, Boom Bap, Conscious Hip Hop",https://e.snmc.io/i/300/s/ebcd1cbf5967bd3d091d75bcb6021383/12857380/Genius%2FGZA%20-%20Liquid%20Swords%2C%20Cover%20art.jpeg,https://open.spotify.com/album/3k8xoyOXkGgZxUKgpmxz4P,,https://music.apple.com/us/album/liquid-swords/1079630561,covers/27_GeniusGZA_Liquid_Swords.jpg
28,The Beatles,Rubber Soul,3 December 1965,4.01,56k,"Pop Rock, Folk Rock, Psychedelic Pop, Folk Pop, British Rhythm & Blues",https://e.snmc.io/i/300/s/03fbae87fad7ecfa7c53dada393e0ece/12176961/The%20Beatles%20-%20Rubber%20Soul%2C%20Cover%20art.jpeg,https://open.spotify.com/album/50o7kf2wLwVmOTVYJOTplm,,https://music.apple.com/us/album/rubber-soul/401134909,covers/28_The_Beatles_Rubber_Soul.jpg
29,The Velvet Underground,The Velvet Underground,March 1969,4.08,35k,"Pop Rock, Folk Rock, Art Rock, Folk Pop",https://e.snmc.io/i/300/s/9e6b31f7199d125261dfbfa3898563d3/5706942/The%20Velvet%20Underground%20-%20The%20Velvet%20Underground%2C%20Cover%20art.jpeg,https://open.spotify.com/album/2HOf3Nb44Us8U9oEtKLSrX,,https://music.apple.com/us/album/the-velvet-underground/941978431,covers/29_The_Velvet_Underground_The_Velvet_Underground.jpg
30,Frank Zappa,Hot Rats,10 October 1969,4.08,32k,"Jazz-Rock, Jazz Fusion, Progressive Rock, Jam Band",https://e.snmc.io/i/300/s/04f957a9859c6254be5ff07621547e34/5397244/Frank%20Zappa%20-%20Hot%20Rats%2C%20Cover%20art.jpeg,https://open.spotify.com/album/0WYYrC9My9rYWigac003hw,,https://music.apple.com/us/album/hot-rats/549914876,covers/30_Frank_Zappa_Hot_Rats.jpg
31,Modest Mouse,The Lonesome Crowded West,18 November 1997,4.09,29k,"Indie Rock, Slacker Rock, Post-Hardcore, Midwest Emo, Alt-Country",https://e.snmc.io/i/300/s/da0e5c4cb6a5e76d2f3369956885c166/12315533/Modest%20Mouse%20-%20The%20Lonesome%20Crowded%20West%2C%20Cover%20art.jpeg,https://open.spotify.com/album/5N8dllc5sLTt8DLrxeEU4K,,https://music.apple.com/pl/album/the-lonesome-crowded-west/1566174024,covers/31_Modest_Mouse_The_Lonesome_Crowded_West.jpg
32,Can,Future Days,1 August 1973,4.10,26k,"Krautrock, Psychedelic Rock, Ambient",https://e.snmc.io/i/300/s/7a1fb262af36f616ba9b96a32e1a9f20/2513970/Can%20-%20Future%20Days%2C%20Cover%20art.jpeg,https://open.spotify.com/album/22ZgHorVJzcZ4m8YBZCw4w,,https://music.apple.com/us/album/future-days-remastered/826492492,covers/32_Can_Future_Days.jpg
33,Fleetwood Mac,Rumours,4 February 1977,4.04,40k,"Pop Rock, Soft Rock, Folk Pop, Country Pop",https://e.snmc.io/i/300/s/944a2d241b0656ed2de57f078e2c75fc/11613626/Fleetwood%20Mac%20-%20Rumours%2C%20Cover%20art.jpeg,https://open.spotify.com/album/1bt6q2SruMsBtcerNVtpZB,https://www.youtube.com/watch?v=-uFU79MGj00,https://music.apple.com/gb/album/rumours/594061854,covers/33_Fleetwood_Mac_Rumours.jpg
34,Sigur Rós,Ágætis byrjun,12 June 1999,4.05,40k,"Post-Rock, Dream Pop, Ambient, Chamber Pop",https://e.snmc.io/i/300/s/68531beb0e081cd07494bfb79ba2ac37/2405956/Sigur%20R%C3%B3s%20-%20%C3%81g%C3%A6tis%20byrjun%2C%20Cover%20art.jpeg,https://open.spotify.com/album/1DMMv1Kmoli3Y9fVEZDUVC,https://www.youtube.com/watch?v=Wof1dSX-G2o,https://music.apple.com/us/album/%C3%A1g%C3%A6tis-byrjun/1447442814,covers/34_Sigur_Rós_Ágætis_byrjun.jpg
35,System of a Down,Toxicity,4 September 2001,4.03,43k,"Alternative Metal, Nu Metal, Avant-Garde Metal, Crossover Thrash",https://e.snmc.io/i/300/s/2a6d703e93850e9a6bfa6d95b1de4c79/5642354/System%20of%20a%20Down%20-%20Toxicity%2C%20Cover%20art.jpeg,https://open.spotify.com/album/6jWde94ln40epKIQCd8XUh,,https://music.apple.com/us/album/toxicity/273714443,covers/35_System_of_a_Down_Toxicity.jpg
36,Depeche Mode,Violator,19 March 1990,4.06,35k,"Synthpop, Darkwave, Alternative Dance",https://e.snmc.io/i/300/s/a794434f0ca53fcbe7a613df103638c4/2531262/Depeche%20Mode%20-%20Violator%2C%20Cover%20art.jpeg,https://open.spotify.com/album/5g3Yi15plTSMaq6tYiuw8p,https://www.youtube.com/watch?v=E8Nbh2LWRls,https://music.apple.com/gb/album/violator/665404621,covers/36_Depeche_Mode_Violator.jpg
37,Sonic Youth,Daydream Nation,18 October 1988,4.03,42k,"Noise Rock, Alternative Rock, Post-Punk, Experimental Rock, Art Punk, Slacker Rock",https://e.snmc.io/i/300/s/4594dfcd5297531649872a0b663a2755/10814815/Sonic%20Youth%20-%20Daydream%20Nation%2C%20Cover%20art.jpeg,https://open.spotify.com/album/3BYlBcND6PeKoW6ZODjZO3,https://www.youtube.com/watch?v=PVwJMOtfJbU,https://music.apple.com/br/album/daydream-nation-deluxe-edition/520335802,covers/37_Sonic_Youth_Daydream_Nation.jpg
38,John Coltrane,Giant Steps,27 January 1960,4.11,23k,"Hard Bop, Modal Jazz, Post-Bop",https://e.snmc.io/i/300/s/ce22ae6a5a63b9a869f8cb26324933c3/9293085/John%20Coltrane%20-%20Giant%20Steps%2C%20Cover%20art.jpeg,https://open.spotify.com/album/7cZ6oBx0SEUPDAoxJtxNDh,https://www.youtube.com/watch?v=xy_fxxj1mMY,https://music.apple.com/gb/album/giant-steps-60th-anniversary-super-deluxe-edition-2020/1502751229,covers/38_John_Coltrane_Giant_Steps.jpg
39,Fiona Apple,When the Pawn,9 November 1999,4.10,26k,"Singer-Songwriter, Piano Rock, Alternative Rock, Art Pop, Chamber Pop, Jazz Pop",https://e.snmc.io/i/300/s/472e90fdb9a3e4fae5bbceec7a008cda/11666558/Fiona%20Apple%20-%20When%20the%20Pawn%2C%20Cover%20art.jpeg,https://open.spotify.com/album/3o5EnVZNJXtfPV8tCoagjI,,https://music.apple.com/il/album/when-the-pawn-hits-the-conflicts-he-thinks-like-a-king/153019510,covers/39_Fiona_Apple_When_the_Pawn.jpg
40,Unwound,Leaves Turn Inside You,17 April 2001,4.10,24k,"Indie Rock, Post-Hardcore, Post-Rock, Post-Rock, Art Rock, Neo-Psychedelia, Gothic Rock",https://e.snmc.io/i/300/s/84f530fa2c872045b8367b832af1ce6f/8718251/Unwound%20-%20Leaves%20Turn%20Inside%20You%2C%20Cover%20art.jpeg,https://open.spotify.com/album/2U8kIvc3ZDKDhCGlyBOFzG,https://www.youtube.com/watch?v=SNIAKTdozT0,https://music.apple.com/us/album/leaves-turn-inside-you/954012181,covers/40_Unwound_Leaves_Turn_Inside_You.jpg
